<?xml version='1.0' encoding='utf-8' ?>
<PageContents xmlns='http://schemas.microsoft.com/office/visio/2012/main' xmlns:r='http://schemas.openxmlformats.org/officeDocument/2006/relationships' xml:space='preserve'><Shapes><Shape ID='64' OriginalID='2' Type='Shape' Master='2'><Cell N='PinX' V='3.515748031496065'/><Cell N='PinY' V='3.444881889763783'/><Cell N='LineWeight' V='0.003472222222222222' U='PT' F='Inh'/><Cell N='FillForegnd' V='#00b050' F='THEMEGUARD(RGB(0,176,80))'/><Cell N='FillBkgnd' V='#003518' F='THEMEGUARD(SHADE(FillForegnd,LUMDIFF(THEMEVAL("FillColor"),THEMEVAL("FillColor2"))))'/><Cell N='FillGradientEnabled' V='0'/><Cell N='ObjType' V='1'/><Section N='Character'><Row IX='0'><Cell N='LangID' V='en-GB'/></Row></Section><Text><cp IX='0'/>Initial documentation
</Text></Shape><Shape ID='3' NameU='Hexagon' Name='Hexagon' Type='Shape' Master='4'><Cell N='PinX' V='1.350393700787405'/><Cell N='PinY' V='3.444881889763777'/><Cell N='Height' V='0.78740157480315'/><Cell N='LocPinY' V='0.393700787401575' F='Inh'/><Cell N='LineWeight' V='0.003472222222222222' U='PT' F='Inh'/><Cell N='ObjType' V='1'/><Section N='Connection'><Row IX='0'><Cell N='Y' V='0.393700787401575' F='Inh'/></Row><Row IX='1'><Cell N='Y' V='0.393700787401575' F='Inh'/></Row><Row IX='4'><Cell N='Y' V='0.393700787401575' F='Inh'/></Row><Row IX='5'><Cell N='Y' V='0.78740157480315' F='Inh'/></Row><Row IX='6'><Cell N='Y' V='0.78740157480315' F='Inh'/></Row></Section><Section N='Character'><Row IX='0'><Cell N='LangID' V='en-GB'/></Row></Section><Section N='Geometry' IX='0'><Row T='MoveTo' IX='1'><Cell N='Y' V='0.78740157480315' F='Inh'/></Row><Row T='LineTo' IX='2'><Cell N='Y' V='0.78740157480315' F='Inh'/></Row><Row T='LineTo' IX='3'><Cell N='Y' V='0.393700787401575' F='Inh'/></Row><Row T='LineTo' IX='6'><Cell N='Y' V='0.393700787401575' F='Inh'/></Row><Row T='LineTo' IX='7'><Cell N='Y' V='0.78740157480315' F='Inh'/></Row></Section><Text><cp IX='0'/>Start
2 Oct
</Text></Shape><Shape ID='63' OriginalID='4' Type='Shape' Master='2'><Cell N='PinX' V='5.681102362204726'/><Cell N='PinY' V='5.019685039370079'/><Cell N='LineWeight' V='0.003472222222222222' U='PT' F='Inh'/><Cell N='FillForegnd' V='#ff0000' F='THEMEGUARD(RGB(255,0,0))'/><Cell N='FillBkgnd' V='#680000' F='THEMEGUARD(SHADE(FillForegnd,LUMDIFF(THEMEVAL("FillColor"),THEMEVAL("FillColor2"))))'/><Cell N='FillGradientEnabled' V='0'/><Cell N='ObjType' V='1'/><Section N='Character'><Row IX='0'><Cell N='LangID' V='en-GB'/></Row></Section><Text><cp IX='0'/>Concept art designed
</Text></Shape><Shape ID='49' OriginalID='8' Type='Shape' Master='2'><Cell N='PinX' V='18.67322834645669'/><Cell N='PinY' V='4.232283464566931'/><Cell N='LineWeight' V='0.003472222222222222' U='PT' F='Inh'/><Cell N='FillForegnd' V='#ffc000' F='THEMEGUARD(RGB(255,192,0))'/><Cell N='FillBkgnd' V='#684f00' F='THEMEGUARD(SHADE(FillForegnd,LUMDIFF(THEMEVAL("FillColor"),THEMEVAL("FillColor2"))))'/><Cell N='FillGradientEnabled' V='0'/><Cell N='ObjType' V='1'/><Section N='Character'><Row IX='0'><Cell N='LangID' V='en-GB'/></Row></Section><Text><cp IX='0'/>Begin web integration
</Text></Shape><Shape ID='9' Type='Shape' Master='5'><Cell N='PinX' V='3.515748031496063'/><Cell N='PinY' V='7.427165354330708'/><Cell N='LineWeight' V='0.003472222222222222' U='PT' F='Inh'/><Cell N='FillForegnd' V='#000000' F='THEMEGUARD(RGB(0,0,0))'/><Cell N='FillBkgnd' V='#000000' F='THEMEGUARD(SHADE(FillForegnd,LUMDIFF(THEMEVAL("FillColor"),THEMEVAL("FillColor2"))))'/><Cell N='FillGradientEnabled' V='0'/><Cell N='ObjType' V='1'/><Section N='Character'><Row IX='0'><Cell N='LangID' V='en-GB'/></Row></Section><Text><cp IX='0'/>Milestone 1:
Initial draft
2 Oct - 9 Oct
</Text></Shape><Shape ID='10' NameU='Parallelogram.10' Name='Parallelogram.10' Type='Shape' Master='5'><Cell N='PinX' V='5.681102362204725'/><Cell N='PinY' V='7.427165354330708'/><Cell N='LineWeight' V='0.003472222222222222' U='PT' F='Inh'/><Cell N='FillForegnd' V='#000000' F='THEMEGUARD(RGB(0,0,0))'/><Cell N='FillBkgnd' V='#000000' F='THEMEGUARD(SHADE(FillForegnd,LUMDIFF(THEMEVAL("FillColor"),THEMEVAL("FillColor2"))))'/><Cell N='FillGradientEnabled' V='0'/><Cell N='ObjType' V='1'/><Section N='Character'><Row IX='0'><Cell N='LangID' V='en-GB'/></Row></Section><Text><cp IX='0'/>Milestone 2:
Final draft
9 Oct - 20 Oct
</Text></Shape><Shape ID='62' OriginalID='12' Type='Shape' Master='2'><Cell N='PinX' V='5.681102362204726'/><Cell N='PinY' V='3.444881889763776'/><Cell N='LineWeight' V='0.003472222222222222' U='PT' F='Inh'/><Cell N='FillForegnd' V='#00b050' F='THEMEGUARD(RGB(0,176,80))'/><Cell N='FillBkgnd' V='#003518' F='THEMEGUARD(SHADE(FillForegnd,LUMDIFF(THEMEVAL("FillColor"),THEMEVAL("FillColor2"))))'/><Cell N='FillGradientEnabled' V='0'/><Cell N='ObjType' V='1'/><Section N='Character'><Row IX='0'><Cell N='LangID' V='en-GB'/></Row></Section><Text><cp IX='0'/>Improvements made to documentation
</Text></Shape><Shape ID='61' OriginalID='14' Type='Shape' Master='2'><Cell N='PinX' V='5.681102362204722'/><Cell N='PinY' V='1.870078740157486'/><Cell N='LineWeight' V='0.003472222222222222' U='PT' F='Inh'/><Cell N='FillForegnd' V='#00b050' F='THEMEGUARD(RGB(0,176,80))'/><Cell N='FillBkgnd' V='#003518' F='THEMEGUARD(SHADE(FillForegnd,LUMDIFF(THEMEVAL("FillColor"),THEMEVAL("FillColor2"))))'/><Cell N='FillGradientEnabled' V='0'/><Cell N='ObjType' V='1'/><Section N='Character'><Row IX='0'><Cell N='LangID' V='en-GB'/></Row></Section><Text><cp IX='0'/>Enemy documentation
</Text></Shape><Shape ID='54' OriginalID='15' Type='Shape' Master='2'><Cell N='PinX' V='7.846456692913387'/><Cell N='PinY' V='3.444881889763768'/><Cell N='LineWeight' V='0.003472222222222222' U='PT' F='Inh'/><Cell N='FillForegnd' V='#00b050' F='THEMEGUARD(RGB(0,176,80))'/><Cell N='FillBkgnd' V='#003518' F='THEMEGUARD(SHADE(FillForegnd,LUMDIFF(THEMEVAL("FillColor"),THEMEVAL("FillColor2"))))'/><Cell N='FillGradientEnabled' V='0'/><Cell N='ObjType' V='1'/><Section N='Character'><Row IX='0'><Cell N='LangID' V='en-GB'/></Row></Section><Text><cp IX='0'/>Programming documentation and designs
</Text></Shape><Shape ID='57' OriginalID='16' Type='Shape' Master='2'><Cell N='PinX' V='10.01181102362205'/><Cell N='PinY' V='5.019685039370064'/><Cell N='LineWeight' V='0.003472222222222222' U='PT' F='Inh'/><Cell N='FillForegnd' V='#002060' F='THEMEGUARD(RGB(0,32,96))'/><Cell N='FillBkgnd' V='#000a1e' F='THEMEGUARD(SHADE(FillForegnd,LUMDIFF(THEMEVAL("FillColor"),THEMEVAL("FillColor2"))))'/><Cell N='FillGradientEnabled' V='0'/><Cell N='ObjType' V='1'/><Section N='Character'><Row IX='0'><Cell N='LangID' V='en-GB'/></Row></Section><Text><cp IX='0'/>Enemy mechanics implemented
</Text></Shape><Shape ID='58' OriginalID='17' Type='Shape' Master='2'><Cell N='PinX' V='10.01181102362205'/><Cell N='PinY' V='3.444881889763761'/><Cell N='LineWeight' V='0.003472222222222222' U='PT' F='Inh'/><Cell N='FillForegnd' V='#002060' F='THEMEGUARD(RGB(0,32,96))'/><Cell N='FillBkgnd' V='#000a1e' F='THEMEGUARD(SHADE(FillForegnd,LUMDIFF(THEMEVAL("FillColor"),THEMEVAL("FillColor2"))))'/><Cell N='FillGradientEnabled' V='0'/><Cell N='ObjType' V='1'/><Section N='Character'><Row IX='0'><Cell N='LangID' V='en-GB'/></Row></Section><Text><cp IX='0'/>Player controls implemented
</Text></Shape><Shape ID='56' OriginalID='19' Type='Shape' Master='2'><Cell N='PinX' V='10.01181102362205'/><Cell N='PinY' V='1.870078740157471'/><Cell N='LineWeight' V='0.003472222222222222' U='PT' F='Inh'/><Cell N='FillForegnd' V='#002060' F='THEMEGUARD(RGB(0,32,96))'/><Cell N='FillBkgnd' V='#000a1e' F='THEMEGUARD(SHADE(FillForegnd,LUMDIFF(THEMEVAL("FillColor"),THEMEVAL("FillColor2"))))'/><Cell N='FillGradientEnabled' V='0'/><Cell N='ObjType' V='1'/><Section N='Character'><Row IX='0'><Cell N='LangID' V='en-GB'/></Row></Section><Text><cp IX='0'/>Game functions and systems implemented
</Text></Shape><Shape ID='20' NameU='Parallelogram.20' Name='Parallelogram.20' Type='Shape' Master='5'><Cell N='PinX' V='10.99606299212598'/><Cell N='PinY' V='7.427165354330708'/><Cell N='LineWeight' V='0.003472222222222222' U='PT' F='Inh'/><Cell N='FillForegnd' V='#000000' F='THEMEGUARD(RGB(0,0,0))'/><Cell N='FillBkgnd' V='#000000' F='THEMEGUARD(SHADE(FillForegnd,LUMDIFF(THEMEVAL("FillColor"),THEMEVAL("FillColor2"))))'/><Cell N='FillGradientEnabled' V='0'/><Cell N='ObjType' V='1'/><Section N='Character'><Row IX='0'><Cell N='LangID' V='en-GB'/></Row></Section><Text><cp IX='0'/>Milestone 3:
Prototype
20 Oct - 7 Nov
</Text></Shape><Shape ID='59' OriginalID='21' Type='Shape' Master='2'><Cell N='PinX' V='12.17716535433071'/><Cell N='PinY' V='3.444881889763753'/><Cell N='LineWeight' V='0.003472222222222222' U='PT' F='Inh'/><Cell N='FillForegnd' V='#002060' F='THEMEGUARD(RGB(0,32,96))'/><Cell N='FillBkgnd' V='#000a1e' F='THEMEGUARD(SHADE(FillForegnd,LUMDIFF(THEMEVAL("FillColor"),THEMEVAL("FillColor2"))))'/><Cell N='FillGradientEnabled' V='0'/><Cell N='ObjType' V='1'/><Section N='Character'><Row IX='0'><Cell N='LangID' V='en-GB'/></Row></Section><Text><cp IX='0'/>Initial testing
</Text></Shape><Shape ID='51' OriginalID='23' Type='Shape' Master='2'><Cell N='PinX' V='18.67322834645669'/><Cell N='PinY' V='5.905511811023627'/><Cell N='LineWeight' V='0.003472222222222222' U='PT' F='Inh'/><Cell N='FillForegnd' V='#002060' F='THEMEGUARD(RGB(0,32,96))'/><Cell N='FillBkgnd' V='#000a1e' F='THEMEGUARD(SHADE(FillForegnd,LUMDIFF(THEMEVAL("FillColor"),THEMEVAL("FillColor2"))))'/><Cell N='FillGradientEnabled' V='0'/><Cell N='ObjType' V='1'/><Section N='Character'><Row IX='0'><Cell N='LangID' V='en-GB'/></Row></Section><Text><cp IX='0'/>Concept art added
</Text></Shape><Shape ID='48' OriginalID='24' NameU='Rectangle' Name='Rectangle' Type='Shape' Master='2'><Cell N='PinX' V='16.50787401574803'/><Cell N='PinY' V='3.444881889763738'/><Cell N='LineWeight' V='0.003472222222222222' U='PT' F='Inh'/><Cell N='FillForegnd' V='#002060' F='THEMEGUARD(RGB(0,32,96))'/><Cell N='FillBkgnd' V='#000a1e' F='THEMEGUARD(SHADE(FillForegnd,LUMDIFF(THEMEVAL("FillColor"),THEMEVAL("FillColor2"))))'/><Cell N='FillGradientEnabled' V='0'/><Cell N='ObjType' V='1'/><Section N='Character'><Row IX='0'><Cell N='LangID' V='en-GB'/></Row></Section><Section N='Connection'><Row IX='5'><Cell N='X' V='0.4173228346456916' U='MM' F='Width*0.26500000000001'/><Cell N='Y' V='1.181102395057678' U='MM' F='Height*1.0000000278155'/><Cell N='DirX' V='0'/><Cell N='DirY' V='-1'/><Cell N='Type' V='0'/><Cell N='AutoGen' V='0'/><Cell N='Prompt' V='' F='No Formula'/></Row><Row IX='6'><Cell N='X' V='0.4173228346456916' U='MM' F='Width*0.26500000000001'/><Cell N='Y' V='0' U='MM' F='Height*0'/><Cell N='DirX' V='0'/><Cell N='DirY' V='1'/><Cell N='Type' V='0'/><Cell N='AutoGen' V='0'/><Cell N='Prompt' V='' F='No Formula'/></Row></Section><Text><cp IX='0'/>Issues fixed Errors resolved
</Text></Shape><Shape ID='60' OriginalID='25' Type='Shape' Master='2'><Cell N='PinX' V='14.34251968503937'/><Cell N='PinY' V='3.444881889763745'/><Cell N='LineWeight' V='0.003472222222222222' U='PT' F='Inh'/><Cell N='FillForegnd' V='#00b050' F='THEMEGUARD(RGB(0,176,80))'/><Cell N='FillBkgnd' V='#003518' F='THEMEGUARD(SHADE(FillForegnd,LUMDIFF(THEMEVAL("FillColor"),THEMEVAL("FillColor2"))))'/><Cell N='FillGradientEnabled' V='0'/><Cell N='ObjType' V='1'/><Section N='Character'><Row IX='0'><Cell N='LangID' V='en-GB'/></Row></Section><Text><cp IX='0'/>Test log written
</Text></Shape><Shape ID='50' OriginalID='44' Type='Shape' Master='2'><Cell N='PinX' V='18.67322834645668'/><Cell N='PinY' V='1.18110236220473'/><Cell N='LineWeight' V='0.003472222222222222' U='PT' F='Inh'/><Cell N='FillForegnd' V='#002060' F='THEMEGUARD(RGB(0,32,96))'/><Cell N='FillBkgnd' V='#000a1e' F='THEMEGUARD(SHADE(FillForegnd,LUMDIFF(THEMEVAL("FillColor"),THEMEVAL("FillColor2"))))'/><Cell N='FillGradientEnabled' V='0'/><Cell N='ObjType' V='1'/><Section N='Character'><Row IX='0'><Cell N='LangID' V='en-GB'/></Row></Section><Text><cp IX='0'/>Program furthered
</Text></Shape><Shape ID='45' NameU='Parallelogram.45' Name='Parallelogram.45' Type='Shape' Master='5'><Cell N='PinX' V='19.65748031496063'/><Cell N='PinY' V='7.427165354330708'/><Cell N='LineWeight' V='0.003472222222222222' U='PT' F='Inh'/><Cell N='FillForegnd' V='#000000' F='THEMEGUARD(RGB(0,0,0))'/><Cell N='FillBkgnd' V='#000000' F='THEMEGUARD(SHADE(FillForegnd,LUMDIFF(THEMEVAL("FillColor"),THEMEVAL("FillColor2"))))'/><Cell N='FillGradientEnabled' V='0'/><Cell N='ObjType' V='1'/><Section N='Character'><Row IX='0'><Cell N='LangID' V='en-GB'/></Row></Section><Text><cp IX='0'/>Milestone 4:
Alpha
7 Nov - 21 Nov
</Text></Shape><Shape ID='52' OriginalID='46' Type='Shape' Master='2'><Cell N='PinX' V='20.83858267716535'/><Cell N='PinY' V='3.444881889763723'/><Cell N='LineWeight' V='0.003472222222222222' U='PT' F='Inh'/><Cell N='FillForegnd' V='#002060' F='THEMEGUARD(RGB(0,32,96))'/><Cell N='FillBkgnd' V='#000a1e' F='THEMEGUARD(SHADE(FillForegnd,LUMDIFF(THEMEVAL("FillColor"),THEMEVAL("FillColor2"))))'/><Cell N='FillGradientEnabled' V='0'/><Cell N='ObjType' V='1'/><Section N='Character'><Row IX='0'><Cell N='LangID' V='en-GB'/></Row></Section><Section N='Connection'><Row IX='5'><Cell N='X' V='1.20866141732283' U='MM' F='Width*0.7675'/><Cell N='Y' V='1.181102395057678' U='MM' F='Height*1.0000000278155'/><Cell N='DirX' V='0'/><Cell N='DirY' V='-1'/><Cell N='Type' V='0'/><Cell N='AutoGen' V='0'/><Cell N='Prompt' V='' F='No Formula'/></Row><Row IX='6'><Cell N='X' V='1.204724409448815' U='MM' F='Width*0.765'/><Cell N='Y' V='-1.776356839400251E-15' U='MM' F='Height*-1.5039821240255E-15'/><Cell N='DirX' V='0'/><Cell N='DirY' V='1'/><Cell N='Type' V='0'/><Cell N='AutoGen' V='0'/><Cell N='Prompt' V='' F='No Formula'/></Row></Section><Text><cp IX='0'/>Alpha testing
</Text></Shape><Shape ID='53' OriginalID='47' Type='Shape' Master='2'><Cell N='PinX' V='23.00393700787402'/><Cell N='PinY' V='3.444881889763715'/><Cell N='LineWeight' V='0.003472222222222222' U='PT' F='Inh'/><Cell N='FillForegnd' V='#00b050' F='THEMEGUARD(RGB(0,176,80))'/><Cell N='FillBkgnd' V='#003518' F='THEMEGUARD(SHADE(FillForegnd,LUMDIFF(THEMEVAL("FillColor"),THEMEVAL("FillColor2"))))'/><Cell N='FillGradientEnabled' V='0'/><Cell N='ObjType' V='1'/><Section N='Character'><Row IX='0'><Cell N='LangID' V='en-GB'/></Row></Section><Text><cp IX='0'/>Test log written
</Text></Shape><Shape ID='65' NameU='Parallelogram.65' Name='Parallelogram.65' Type='Shape' Master='5'><Cell N='PinX' V='29.5'/><Cell N='PinY' V='7.427165354330708'/><Cell N='LineWeight' V='0.003472222222222222' U='PT' F='Inh'/><Cell N='FillForegnd' V='#000000' F='THEMEGUARD(RGB(0,0,0))'/><Cell N='FillBkgnd' V='#000000' F='THEMEGUARD(SHADE(FillForegnd,LUMDIFF(THEMEVAL("FillColor"),THEMEVAL("FillColor2"))))'/><Cell N='FillGradientEnabled' V='0'/><Cell N='ObjType' V='1'/><Section N='Character'><Row IX='0'><Cell N='LangID' V='en-GB'/></Row></Section><Section N='Connection'><Row IX='4'><Cell N='X' V='0.4212598425197066' U='MM' F='Width*0.26750000000001'/><Cell N='Y' V='1.181102362204724' U='MM' F='Height*1'/><Cell N='DirX' V='0'/><Cell N='DirY' V='-1'/><Cell N='Type' V='0'/><Cell N='AutoGen' V='0'/><Cell N='Prompt' V='' F='No Formula'/></Row><Row IX='5'><Cell N='X' V='0.4212598425197029' U='MM' F='Width*0.26750000000001'/><Cell N='Y' V='0' U='MM' F='Height*0'/><Cell N='DirX' V='0'/><Cell N='DirY' V='1'/><Cell N='Type' V='0'/><Cell N='AutoGen' V='0'/><Cell N='Prompt' V='' F='No Formula'/></Row></Section><Text><cp IX='0'/>Milestone 5:
Beta 21 Nov - 5 Dec
</Text></Shape><Shape ID='67' NameU='Rectangle.67' Name='Rectangle.67' Type='Shape' Master='2'><Cell N='PinX' V='25.16929133858268'/><Cell N='PinY' V='3.444881889763707'/><Cell N='LineWeight' V='0.003472222222222222' U='PT' F='Inh'/><Cell N='FillForegnd' V='#002060' F='THEMEGUARD(RGB(0,32,96))'/><Cell N='FillBkgnd' V='#000a1e' F='THEMEGUARD(SHADE(FillForegnd,LUMDIFF(THEMEVAL("FillColor"),THEMEVAL("FillColor2"))))'/><Cell N='FillGradientEnabled' V='0'/><Cell N='ObjType' V='1'/><Section N='Character'><Row IX='0'><Cell N='LangID' V='en-GB'/></Row></Section><Text><cp IX='0'/>Issues fixed Errors resolved
</Text></Shape><Shape ID='68' NameU='Rectangle.68' Name='Rectangle.68' Type='Shape' Master='2'><Cell N='PinX' V='35.99606299212598'/><Cell N='PinY' V='3.44488188976367'/><Cell N='LineWeight' V='0.003472222222222222' U='PT' F='Inh'/><Cell N='FillForegnd' V='#002060' F='THEMEGUARD(RGB(0,32,96))'/><Cell N='FillBkgnd' V='#000a1e' F='THEMEGUARD(SHADE(FillForegnd,LUMDIFF(THEMEVAL("FillColor"),THEMEVAL("FillColor2"))))'/><Cell N='FillGradientEnabled' V='0'/><Cell N='ObjType' V='1'/><Section N='Character'><Row IX='0'><Cell N='LangID' V='en-GB'/></Row></Section><Text><cp IX='0'/>Program finished and working
</Text></Shape><Shape ID='69' NameU='Rectangle.69' Name='Rectangle.69' Type='Shape' Master='2'><Cell N='PinX' V='27.33464566929134'/><Cell N='PinY' V='5.019685039370003'/><Cell N='LineWeight' V='0.003472222222222222' U='PT' F='Inh'/><Cell N='FillForegnd' V='#ffc000' F='THEMEGUARD(RGB(255,192,0))'/><Cell N='FillBkgnd' V='#684f00' F='THEMEGUARD(SHADE(FillForegnd,LUMDIFF(THEMEVAL("FillColor"),THEMEVAL("FillColor2"))))'/><Cell N='FillGradientEnabled' V='0'/><Cell N='ObjType' V='1'/><Section N='Character'><Row IX='0'><Cell N='LangID' V='en-GB'/></Row></Section><Text><cp IX='0'/>Complete web integration
</Text></Shape><Shape ID='70' NameU='Rectangle.70' Name='Rectangle.70' Type='Shape' Master='2'><Cell N='PinX' V='27.33464566929134'/><Cell N='PinY' V='3.4448818897637'/><Cell N='LineWeight' V='0.003472222222222222' U='PT' F='Inh'/><Cell N='FillForegnd' V='#ffc000' F='THEMEGUARD(RGB(255,192,0))'/><Cell N='FillBkgnd' V='#684f00' F='THEMEGUARD(SHADE(FillForegnd,LUMDIFF(THEMEVAL("FillColor"),THEMEVAL("FillColor2"))))'/><Cell N='FillGradientEnabled' V='0'/><Cell N='ObjType' V='1'/><Section N='Character'><Row IX='0'><Cell N='LangID' V='en-GB'/></Row></Section><Text><cp IX='0'/>Database integration
</Text></Shape><Shape ID='71' NameU='Rectangle.71' Name='Rectangle.71' Type='Shape' Master='2'><Cell N='PinX' V='18.67322834645669'/><Cell N='PinY' V='2.657480314960631'/><Cell N='LineWeight' V='0.003472222222222222' U='PT' F='Inh'/><Cell N='FillForegnd' V='#ffc000' F='THEMEGUARD(RGB(255,192,0))'/><Cell N='FillBkgnd' V='#684f00' F='THEMEGUARD(SHADE(FillForegnd,LUMDIFF(THEMEVAL("FillColor"),THEMEVAL("FillColor2"))))'/><Cell N='FillGradientEnabled' V='0'/><Cell N='ObjType' V='1'/><Section N='Character'><Row IX='0'><Cell N='LangID' V='en-GB'/></Row></Section><Text><cp IX='0'/>Database designed
</Text></Shape><Shape ID='72' NameU='Rectangle.72' Name='Rectangle.72' Type='Shape' Master='2'><Cell N='PinX' V='27.33464566929133'/><Cell N='PinY' V='1.87007874015741'/><Cell N='LineWeight' V='0.003472222222222222' U='PT' F='Inh'/><Cell N='FillForegnd' V='#ffc000' F='THEMEGUARD(RGB(255,192,0))'/><Cell N='FillBkgnd' V='#684f00' F='THEMEGUARD(SHADE(FillForegnd,LUMDIFF(THEMEVAL("FillColor"),THEMEVAL("FillColor2"))))'/><Cell N='FillGradientEnabled' V='0'/><Cell N='ObjType' V='1'/><Section N='Character'><Row IX='0'><Cell N='LangID' V='en-GB'/></Row></Section><Text><cp IX='0'/>Web adverts
</Text></Shape><Shape ID='73' NameU='Parallelogram.73' Name='Parallelogram.73' Type='Shape' Master='5'><Cell N='PinX' V='37.07817772778402'/><Cell N='PinY' V='7.427165354330708'/><Cell N='LineWeight' V='0.003472222222222222' U='PT' F='Inh'/><Cell N='FillForegnd' V='#000000' F='THEMEGUARD(RGB(0,0,0))'/><Cell N='FillBkgnd' V='#000000' F='THEMEGUARD(SHADE(FillForegnd,LUMDIFF(THEMEVAL("FillColor"),THEMEVAL("FillColor2"))))'/><Cell N='FillGradientEnabled' V='0'/><Cell N='ObjType' V='1'/><Section N='Character'><Row IX='0'><Cell N='LangID' V='en-GB'/></Row></Section><Text><cp IX='0'/>Milestone 6: Finished Product 5 Dec - 5 Jan
</Text></Shape><Shape ID='75' NameU='Rectangle.75' Name='Rectangle.75' Type='Shape' Master='2'><Cell N='PinX' V='38.16141732283464'/><Cell N='PinY' V='3.444881889763662'/><Cell N='LineWeight' V='0.003472222222222222' U='PT' F='Inh'/><Cell N='FillForegnd' V='#00b050' F='THEMEGUARD(RGB(0,176,80))'/><Cell N='FillBkgnd' V='#003518' F='THEMEGUARD(SHADE(FillForegnd,LUMDIFF(THEMEVAL("FillColor"),THEMEVAL("FillColor2"))))'/><Cell N='FillGradientEnabled' V='0'/><Cell N='ObjType' V='1'/><Section N='Character'><Row IX='0'><Cell N='LangID' V='en-GB'/></Row></Section><Text><cp IX='0'/>Individual final reports written
</Text></Shape><Shape ID='76' NameU='Hexagon.76' Name='Hexagon.76' Type='Shape' Master='4'><Cell N='PinX' V='40.32677165354331'/><Cell N='PinY' V='3.444881889763654'/><Cell N='Height' V='0.78740157480315'/><Cell N='LocPinY' V='0.393700787401575' F='Inh'/><Cell N='LineWeight' V='0.003472222222222222' U='PT' F='Inh'/><Cell N='ObjType' V='1'/><Section N='Connection'><Row IX='0'><Cell N='Y' V='0.393700787401575' F='Inh'/></Row><Row IX='1'><Cell N='Y' V='0.393700787401575' F='Inh'/></Row><Row IX='4'><Cell N='Y' V='0.393700787401575' F='Inh'/></Row><Row IX='5'><Cell N='Y' V='0.78740157480315' F='Inh'/></Row><Row IX='6'><Cell N='Y' V='0.78740157480315' F='Inh'/></Row></Section><Section N='Character'><Row IX='0'><Cell N='LangID' V='en-GB'/></Row></Section><Section N='Geometry' IX='0'><Row T='MoveTo' IX='1'><Cell N='Y' V='0.78740157480315' F='Inh'/></Row><Row T='LineTo' IX='2'><Cell N='Y' V='0.78740157480315' F='Inh'/></Row><Row T='LineTo' IX='3'><Cell N='Y' V='0.393700787401575' F='Inh'/></Row><Row T='LineTo' IX='6'><Cell N='Y' V='0.393700787401575' F='Inh'/></Row><Row T='LineTo' IX='7'><Cell N='Y' V='0.78740157480315' F='Inh'/></Row></Section><Text><cp IX='0'/>Hand in
5 Jan
</Text></Shape><Shape ID='131' NameU='Rectangle.131' Name='Rectangle.131' Type='Shape' Master='2'><Cell N='PinX' V='29.5'/><Cell N='PinY' V='3.444881889763692'/><Cell N='LineWeight' V='0.003472222222222222' U='PT' F='Inh'/><Cell N='FillForegnd' V='#002060' F='THEMEGUARD(RGB(0,32,96))'/><Cell N='FillBkgnd' V='#000a1e' F='THEMEGUARD(SHADE(FillForegnd,LUMDIFF(THEMEVAL("FillColor"),THEMEVAL("FillColor2"))))'/><Cell N='FillGradientEnabled' V='0'/><Cell N='ObjType' V='1'/><Section N='Character'><Row IX='0'><Cell N='LangID' V='en-GB'/></Row></Section><Section N='Connection'><Row IX='5'><Cell N='X' V='1.20866141732283' U='MM' F='Width*0.7675'/><Cell N='Y' V='1.181102395057678' U='MM' F='Height*1.0000000278155'/><Cell N='DirX' V='0'/><Cell N='DirY' V='-1'/><Cell N='Type' V='0'/><Cell N='AutoGen' V='0'/><Cell N='Prompt' V='' F='No Formula'/></Row><Row IX='6'><Cell N='X' V='1.204724409448815' U='MM' F='Width*0.765'/><Cell N='Y' V='-1.776356839400251E-15' U='MM' F='Height*-1.5039821240255E-15'/><Cell N='DirX' V='0'/><Cell N='DirY' V='1'/><Cell N='Type' V='0'/><Cell N='AutoGen' V='0'/><Cell N='Prompt' V='' F='No Formula'/></Row></Section><Text><cp IX='0'/>Ensure all features added
</Text></Shape><Shape ID='133' NameU='Dynamic connector' Name='Dynamic connector' Type='Shape' Master='8'><Cell N='PinX' V='2.669291338582677' U='MM' F='Inh'/><Cell N='PinY' V='5.534448818897666' U='MM' F='Inh'/><Cell N='Width' V='-0.2755905511811023' U='MM' F='GUARD(EndX-BeginX)'/><Cell N='Height' V='-3.785433070866084' U='MM' F='GUARD(EndY-BeginY)'/><Cell N='LocPinX' V='-0.1377952755905514' U='MM' F='Inh'/><Cell N='LocPinY' V='-1.892716535433042' U='MM' F='Inh'/><Cell N='BeginX' V='2.807086614173228' U='MM' F='PAR(PNT(Sheet.9!Connections.X1,Sheet.9!Connections.Y1))'/><Cell N='BeginY' V='7.427165354330708' U='MM' F='PAR(PNT(Sheet.9!Connections.X1,Sheet.9!Connections.Y1))'/><Cell N='EndX' V='2.531496062992126'/><Cell N='EndY' V='3.641732283464624'/><Cell N='LayerMember' V='0'/><Cell N='BegTrigger' V='2' F='_XFTRIGGER(Sheet.9!EventXFMod)'/><Cell N='EndTrigger' V='1' F='_XFTRIGGER(EventXFMod)'/><Cell N='LineWeight' V='0.01388888888888889' U='PT' F='Inh'/><Cell N='LineColor' V='#5b9bd5' F='Inh'/><Cell N='FillForegnd' V='#5b9bd5' F='Inh'/><Cell N='FillBkgnd' V='#5b9bd5' F='Inh'/><Cell N='ShdwForegnd' V='#4987bf' F='Inh'/><Cell N='TxtPinX' V='-0.2755905511811028' F='Inh'/><Cell N='TxtPinY' V='-1.754921259842491' F='Inh'/><Section N='Control'><Row N='TextPosition'><Cell N='X' V='-0.2755905511811024'/><Cell N='Y' V='-1.754921259842491'/><Cell N='XDyn' V='-0.2755905511811028' F='Inh'/><Cell N='YDyn' V='-1.754921259842491' F='Inh'/></Row></Section><Section N='Character'><Row IX='0'><Cell N='Color' V='#4f88bb' F='Inh'/></Row></Section><Section N='Geometry' IX='0'><Row T='LineTo' IX='2'><Cell N='X' V='-0.2755905511811028'/><Cell N='Y' V='0'/></Row><Row T='LineTo' IX='3'><Cell N='X' V='-0.2755905511811028'/><Cell N='Y' V='-3.785433070866084'/></Row></Section></Shape><Shape ID='134' Type='Shape' Master='8'><Cell N='PinX' V='4.362204724409448' U='MM' F='Inh'/><Cell N='PinY' V='5.534448818897664' U='MM' F='Inh'/><Cell N='Width' V='0.2755905511811028' U='MM' F='GUARD(EndX-BeginX)'/><Cell N='Height' V='-3.78543307086609' U='MM' F='GUARD(EndY-BeginY)'/><Cell N='LocPinX' V='0.1377952755905505' U='MM' F='Inh'/><Cell N='LocPinY' V='-1.892716535433045' U='MM' F='Inh'/><Cell N='BeginX' V='4.224409448818897' U='MM' F='PAR(PNT(Sheet.9!Connections.X2,Sheet.9!Connections.Y2))'/><Cell N='BeginY' V='7.427165354330708' U='MM' F='PAR(PNT(Sheet.9!Connections.X2,Sheet.9!Connections.Y2))'/><Cell N='EndX' V='4.5'/><Cell N='EndY' V='3.641732283464618'/><Cell N='LayerMember' V='0'/><Cell N='BegTrigger' V='2' F='_XFTRIGGER(Sheet.9!EventXFMod)'/><Cell N='EndTrigger' V='1' F='_XFTRIGGER(EventXFMod)'/><Cell N='LineWeight' V='0.01388888888888889' U='PT' F='Inh'/><Cell N='LineColor' V='#5b9bd5' F='Inh'/><Cell N='FillForegnd' V='#5b9bd5' F='Inh'/><Cell N='FillBkgnd' V='#5b9bd5' F='Inh'/><Cell N='ShdwForegnd' V='#4987bf' F='Inh'/><Cell N='TxtPinX' V='0.275590551181101' F='Inh'/><Cell N='TxtPinY' V='-1.754921259842495' F='Inh'/><Section N='Control'><Row N='TextPosition'><Cell N='X' V='0.2755905511811021'/><Cell N='Y' V='-1.754921259842495'/><Cell N='XDyn' V='0.275590551181101' F='Inh'/><Cell N='YDyn' V='-1.754921259842495' F='Inh'/></Row></Section><Section N='Character'><Row IX='0'><Cell N='Color' V='#4f88bb' F='Inh'/></Row></Section><Section N='Geometry' IX='0'><Row T='LineTo' IX='2'><Cell N='X' V='0.2755905511811019'/><Cell N='Y' V='0'/></Row><Row T='LineTo' IX='3'><Cell N='X' V='0.2755905511811019'/><Cell N='Y' V='-3.785433070866092'/></Row></Section></Shape><Shape ID='135' Type='Shape' Master='8'><Cell N='PinX' V='4.834645669291339' U='MM' F='Inh'/><Cell N='PinY' V='5.534448818897663' U='MM' F='Inh'/><Cell N='Width' V='-0.2755905511811037' U='MM' F='GUARD(EndX-BeginX)'/><Cell N='Height' V='-3.785433070866092' U='MM' F='GUARD(EndY-BeginY)'/><Cell N='LocPinX' V='-0.1377952755905518' U='MM' F='Inh'/><Cell N='LocPinY' V='-1.892716535433046' U='MM' F='Inh'/><Cell N='BeginX' V='4.972440944881891' U='MM' F='PAR(PNT(Sheet.10!Connections.X1,Sheet.10!Connections.Y1))'/><Cell N='BeginY' V='7.427165354330708' U='MM' F='PAR(PNT(Sheet.10!Connections.X1,Sheet.10!Connections.Y1))'/><Cell N='EndX' V='4.696850393700787'/><Cell N='EndY' V='3.641732283464617'/><Cell N='LayerMember' V='0'/><Cell N='BegTrigger' V='2' F='_XFTRIGGER(Sheet.10!EventXFMod)'/><Cell N='EndTrigger' V='1' F='_XFTRIGGER(EventXFMod)'/><Cell N='LineWeight' V='0.01388888888888889' U='PT' F='Inh'/><Cell N='LineColor' V='#5b9bd5' F='Inh'/><Cell N='FillForegnd' V='#5b9bd5' F='Inh'/><Cell N='FillBkgnd' V='#5b9bd5' F='Inh'/><Cell N='ShdwForegnd' V='#4987bf' F='Inh'/><Cell N='TxtPinX' V='-0.2755905511811037' F='Inh'/><Cell N='TxtPinY' V='-1.754921259842494' F='Inh'/><Section N='Control'><Row N='TextPosition'><Cell N='X' V='-0.2755905511811037'/><Cell N='Y' V='-1.754921259842494'/><Cell N='XDyn' V='-0.2755905511811037' F='Inh'/><Cell N='YDyn' V='-1.754921259842494' F='Inh'/></Row></Section><Section N='Character'><Row IX='0'><Cell N='Color' V='#4f88bb' F='Inh'/></Row></Section><Section N='Geometry' IX='0'><Row T='LineTo' IX='2'><Cell N='X' V='-0.2755905511811037'/><Cell N='Y' V='0'/></Row><Row T='LineTo' IX='3'><Cell N='X' V='-0.2755905511811037'/><Cell N='Y' V='-3.785433070866091'/></Row></Section></Shape><Shape ID='136' Type='Shape' Master='8'><Cell N='PinX' V='6.52755905511811' U='MM' F='Inh'/><Cell N='PinY' V='5.534448818897659' U='MM' F='Inh'/><Cell N='Width' V='0.2755905511811001' U='MM' F='GUARD(EndX-BeginX)'/><Cell N='Height' V='-3.785433070866098' U='MM' F='GUARD(EndY-BeginY)'/><Cell N='LocPinX' V='0.1377952755905501' U='MM' F='Inh'/><Cell N='LocPinY' V='-1.892716535433049' U='MM' F='Inh'/><Cell N='BeginX' V='6.38976377952756' U='MM' F='PAR(PNT(Sheet.10!Connections.X2,Sheet.10!Connections.Y2))'/><Cell N='BeginY' V='7.427165354330708' U='MM' F='PAR(PNT(Sheet.10!Connections.X2,Sheet.10!Connections.Y2))'/><Cell N='EndX' V='6.66535433070866'/><Cell N='EndY' V='3.64173228346461'/><Cell N='LayerMember' V='0'/><Cell N='BegTrigger' V='2' F='_XFTRIGGER(Sheet.10!EventXFMod)'/><Cell N='EndTrigger' V='1' F='_XFTRIGGER(EventXFMod)'/><Cell N='LineWeight' V='0.01388888888888889' U='PT' F='Inh'/><Cell N='LineColor' V='#5b9bd5' F='Inh'/><Cell N='FillForegnd' V='#5b9bd5' F='Inh'/><Cell N='FillBkgnd' V='#5b9bd5' F='Inh'/><Cell N='ShdwForegnd' V='#4987bf' F='Inh'/><Cell N='TxtPinX' V='0.2755905511811001' F='Inh'/><Cell N='TxtPinY' V='-1.754921259842499' F='Inh'/><Section N='Control'><Row N='TextPosition'><Cell N='X' V='0.2755905511811001'/><Cell N='Y' V='-1.754921259842499'/><Cell N='XDyn' V='0.2755905511811001' F='Inh'/><Cell N='YDyn' V='-1.754921259842499' F='Inh'/></Row></Section><Section N='Character'><Row IX='0'><Cell N='Color' V='#4f88bb' F='Inh'/></Row></Section><Section N='Geometry' IX='0'><Row T='LineTo' IX='2'><Cell N='X' V='0.2755905511811001'/><Cell N='Y' V='0'/></Row><Row T='LineTo' IX='3'><Cell N='X' V='0.2755905511811001'/><Cell N='Y' V='-3.785433070866099'/></Row></Section></Shape><Shape ID='137' Type='Shape' Master='8'><Cell N='PinX' V='8.574803149606296' U='MM' F='Inh'/><Cell N='PinY' V='5.534448818897658' U='MM' F='Inh'/><Cell N='Width' V='-3.425196850393697' U='MM' F='GUARD(EndX-BeginX)'/><Cell N='Height' V='-3.7854330708661' U='MM' F='GUARD(EndY-BeginY)'/><Cell N='LocPinX' V='-1.71259842519685' U='MM' F='Inh'/><Cell N='LocPinY' V='-1.89271653543305' U='MM' F='Inh'/><Cell N='BeginX' V='10.28740157480315' U='MM' F='PAR(PNT(Sheet.20!Connections.X1,Sheet.20!Connections.Y1))'/><Cell N='BeginY' V='7.427165354330708' U='MM' F='PAR(PNT(Sheet.20!Connections.X1,Sheet.20!Connections.Y1))'/><Cell N='EndX' V='6.862204724409448'/><Cell N='EndY' V='3.641732283464609'/><Cell N='LayerMember' V='0'/><Cell N='BegTrigger' V='2' F='_XFTRIGGER(Sheet.20!EventXFMod)'/><Cell N='EndTrigger' V='1' F='_XFTRIGGER(EventXFMod)'/><Cell N='LineWeight' V='0.01388888888888889' U='PT' F='Inh'/><Cell N='LineColor' V='#5b9bd5' F='Inh'/><Cell N='FillForegnd' V='#5b9bd5' F='Inh'/><Cell N='FillBkgnd' V='#5b9bd5' F='Inh'/><Cell N='ShdwForegnd' V='#4987bf' F='Inh'/><Cell N='TxtPinX' V='-3.425196850393695' F='Inh'/><Cell N='TxtPinY' V='-0.1801181102362026' F='Inh'/><Section N='Control'><Row N='TextPosition'><Cell N='X' V='-3.425196850393697'/><Cell N='Y' V='-0.1801181102362026'/><Cell N='XDyn' V='-3.425196850393695' F='Inh'/><Cell N='YDyn' V='-0.1801181102362026' F='Inh'/></Row></Section><Section N='Character'><Row IX='0'><Cell N='Color' V='#4f88bb' F='Inh'/></Row></Section><Section N='Geometry' IX='0'><Row T='LineTo' IX='2'><Cell N='X' V='-3.425196850393697'/><Cell N='Y' V='0'/></Row><Row T='LineTo' IX='3'><Cell N='X' V='-3.425196850393697'/><Cell N='Y' V='-3.7854330708661'/></Row></Section></Shape><Shape ID='138' Type='Shape' Master='8'><Cell N='PinX' V='13.51574803149606' U='MM' F='Inh'/><Cell N='PinY' V='5.534448818897644' U='MM' F='Inh'/><Cell N='Width' V='3.622047244094496' U='MM' F='GUARD(EndX-BeginX)'/><Cell N='Height' V='-3.785433070866128' U='MM' F='GUARD(EndY-BeginY)'/><Cell N='LocPinX' V='1.811023622047246' U='MM' F='Inh'/><Cell N='LocPinY' V='-1.892716535433064' U='MM' F='Inh'/><Cell N='BeginX' V='11.70472440944881' U='MM' F='PAR(PNT(Sheet.20!Connections.X2,Sheet.20!Connections.Y2))'/><Cell N='BeginY' V='7.427165354330708' U='MM' F='PAR(PNT(Sheet.20!Connections.X2,Sheet.20!Connections.Y2))'/><Cell N='EndX' V='15.32677165354331'/><Cell N='EndY' V='3.64173228346458'/><Cell N='LayerMember' V='0'/><Cell N='BegTrigger' V='2' F='_XFTRIGGER(Sheet.20!EventXFMod)'/><Cell N='EndTrigger' V='1' F='_XFTRIGGER(EventXFMod)'/><Cell N='LineWeight' V='0.01388888888888889' U='PT' F='Inh'/><Cell N='LineColor' V='#5b9bd5' F='Inh'/><Cell N='FillForegnd' V='#5b9bd5' F='Inh'/><Cell N='FillBkgnd' V='#5b9bd5' F='Inh'/><Cell N='ShdwForegnd' V='#4987bf' F='Inh'/><Cell N='TxtPinX' V='3.622047244094496' F='Inh'/><Cell N='TxtPinY' V='-0.08169291338581876' F='Inh'/><Section N='Control'><Row N='TextPosition'><Cell N='X' V='3.622047244094489'/><Cell N='Y' V='-0.08169291338582198'/><Cell N='XDyn' V='3.622047244094496' F='Inh'/><Cell N='YDyn' V='-0.08169291338581876' F='Inh'/></Row></Section><Section N='Character'><Row IX='0'><Cell N='Color' V='#4f88bb' F='Inh'/></Row></Section><Section N='Geometry' IX='0'><Row T='LineTo' IX='2'><Cell N='X' V='3.622047244094485'/><Cell N='Y' V='0'/></Row><Row T='LineTo' IX='3'><Cell N='X' V='3.622047244094485'/><Cell N='Y' V='-3.78543307086613'/></Row></Section></Shape><Shape ID='139' Type='Shape' Master='8'><Cell N='PinX' V='17.23622047244094' U='MM' F='Inh'/><Cell N='PinY' V='5.534448818897644' U='MM' F='Inh'/><Cell N='Width' V='-3.425196850393707' U='MM' F='GUARD(EndX-BeginX)'/><Cell N='Height' V='-3.785433070866129' U='MM' F='GUARD(EndY-BeginY)'/><Cell N='LocPinX' V='-1.71259842519685' U='MM' F='Inh'/><Cell N='LocPinY' V='-1.892716535433065' U='MM' F='Inh'/><Cell N='BeginX' V='18.9488188976378' U='MM' F='PAR(PNT(Sheet.45!Connections.X1,Sheet.45!Connections.Y1))'/><Cell N='BeginY' V='7.427165354330708' U='MM' F='PAR(PNT(Sheet.45!Connections.X1,Sheet.45!Connections.Y1))'/><Cell N='EndX' V='15.52362204724409'/><Cell N='EndY' V='3.641732283464579'/><Cell N='LayerMember' V='0'/><Cell N='BegTrigger' V='2' F='_XFTRIGGER(Sheet.45!EventXFMod)'/><Cell N='EndTrigger' V='1' F='_XFTRIGGER(EventXFMod)'/><Cell N='LineWeight' V='0.01388888888888889' U='PT' F='Inh'/><Cell N='LineColor' V='#5b9bd5' F='Inh'/><Cell N='FillForegnd' V='#5b9bd5' F='Inh'/><Cell N='FillBkgnd' V='#5b9bd5' F='Inh'/><Cell N='ShdwForegnd' V='#4987bf' F='Inh'/><Cell N='TxtPinX' V='-3.4251968503937' F='Inh'/><Cell N='TxtPinY' V='-0.1801181102362151' F='Inh'/><Section N='Control'><Row N='TextPosition'><Cell N='X' V='-3.425196850393697'/><Cell N='Y' V='-0.1801181102362165'/><Cell N='XDyn' V='-3.4251968503937' F='Inh'/><Cell N='YDyn' V='-0.1801181102362151' F='Inh'/></Row></Section><Section N='Character'><Row IX='0'><Cell N='Color' V='#4f88bb' F='Inh'/></Row></Section><Section N='Geometry' IX='0'><Row T='LineTo' IX='2'><Cell N='X' V='-3.425196850393697'/><Cell N='Y' V='0'/></Row><Row T='LineTo' IX='3'><Cell N='X' V='-3.425196850393697'/><Cell N='Y' V='-3.785433070866129'/></Row></Section></Shape><Shape ID='140' Type='Shape' Master='8'><Cell N='PinX' V='22.17716535433071' U='MM' F='Inh'/><Cell N='PinY' V='5.534448818897628' U='MM' F='Inh'/><Cell N='Width' V='3.622047244094482' U='MM' F='GUARD(EndX-BeginX)'/><Cell N='Height' V='-3.785433070866159' U='MM' F='GUARD(EndY-BeginY)'/><Cell N='LocPinX' V='1.811023622047243' U='MM' F='Inh'/><Cell N='LocPinY' V='-1.89271653543308' U='MM' F='Inh'/><Cell N='BeginX' V='20.36614173228347' U='MM' F='PAR(PNT(Sheet.45!Connections.X2,Sheet.45!Connections.Y2))'/><Cell N='BeginY' V='7.427165354330708' U='MM' F='PAR(PNT(Sheet.45!Connections.X2,Sheet.45!Connections.Y2))'/><Cell N='EndX' V='23.98818897637795'/><Cell N='EndY' V='3.641732283464549'/><Cell N='LayerMember' V='0'/><Cell N='BegTrigger' V='2' F='_XFTRIGGER(Sheet.45!EventXFMod)'/><Cell N='EndTrigger' V='1' F='_XFTRIGGER(EventXFMod)'/><Cell N='LineWeight' V='0.01388888888888889' U='PT' F='Inh'/><Cell N='LineColor' V='#5b9bd5' F='Inh'/><Cell N='FillForegnd' V='#5b9bd5' F='Inh'/><Cell N='FillBkgnd' V='#5b9bd5' F='Inh'/><Cell N='ShdwForegnd' V='#4987bf' F='Inh'/><Cell N='TxtPinX' V='3.622047244094485' F='Inh'/><Cell N='TxtPinY' V='-0.08169291338583752' F='Inh'/><Section N='Control'><Row N='TextPosition'><Cell N='X' V='3.622047244094482'/><Cell N='Y' V='-0.08169291338583828'/><Cell N='XDyn' V='3.622047244094485' F='Inh'/><Cell N='YDyn' V='-0.08169291338583752' F='Inh'/></Row></Section><Section N='Character'><Row IX='0'><Cell N='Color' V='#4f88bb' F='Inh'/></Row></Section><Section N='Geometry' IX='0'><Row T='LineTo' IX='2'><Cell N='X' V='3.622047244094482'/><Cell N='Y' V='0'/></Row><Row T='LineTo' IX='3'><Cell N='X' V='3.622047244094482'/><Cell N='Y' V='-3.785433070866159'/></Row></Section></Shape><Shape ID='143' NameU='Rectangle.143' Name='Rectangle.143' Type='Shape' Master='2'><Cell N='PinX' V='31.66535433070866'/><Cell N='PinY' V='3.444881889763685'/><Cell N='LineWeight' V='0.003472222222222222' U='PT' F='Inh'/><Cell N='FillForegnd' V='#002060' F='THEMEGUARD(RGB(0,32,96))'/><Cell N='FillBkgnd' V='#000a1e' F='THEMEGUARD(SHADE(FillForegnd,LUMDIFF(THEMEVAL("FillColor"),THEMEVAL("FillColor2"))))'/><Cell N='FillGradientEnabled' V='0'/><Cell N='ObjType' V='1'/><Section N='Character'><Row IX='0'><Cell N='LangID' V='en-GB'/></Row></Section><Section N='Connection'><Row IX='5'><Cell N='X' V='1.208661417322835' U='MM' F='Width*0.7675'/><Cell N='Y' V='1.181102395057677' U='MM' F='Height*1.0000000278155'/><Cell N='DirX' V='0'/><Cell N='DirY' V='-1'/><Cell N='Type' V='0'/><Cell N='AutoGen' V='0'/><Cell N='Prompt' V='' F='No Formula'/></Row><Row IX='6'><Cell N='X' V='1.204724409448819' U='MM' F='Width*0.765'/><Cell N='Y' V='-1.776356839400196E-15' U='MM' F='Height*-1.5039821240255E-15'/><Cell N='DirX' V='0'/><Cell N='DirY' V='1'/><Cell N='Type' V='0'/><Cell N='AutoGen' V='0'/><Cell N='Prompt' V='' F='No Formula'/></Row></Section><Text><cp IX='0'/>Beta testing
</Text></Shape><Shape ID='144' NameU='Rectangle.144' Name='Rectangle.144' Type='Shape' Master='2'><Cell N='PinX' V='33.83070866141732'/><Cell N='PinY' V='3.444881889763677'/><Cell N='LineWeight' V='0.003472222222222222' U='PT' F='Inh'/><Cell N='FillForegnd' V='#00b050' F='THEMEGUARD(RGB(0,176,80))'/><Cell N='FillBkgnd' V='#003518' F='THEMEGUARD(SHADE(FillForegnd,LUMDIFF(THEMEVAL("FillColor"),THEMEVAL("FillColor2"))))'/><Cell N='FillGradientEnabled' V='0'/><Cell N='ObjType' V='1'/><Section N='Character'><Row IX='0'><Cell N='LangID' V='en-GB'/></Row></Section><Text><cp IX='0'/>Test log written
</Text></Shape><Shape ID='145' Type='Shape' Master='8'><Cell N='PinX' V='26.48818897637796' U='MM' F='Inh'/><Cell N='PinY' V='5.534448818897628' U='MM' F='Inh'/><Cell N='Width' V='-4.606299212598426' U='MM' F='GUARD(EndX-BeginX)'/><Cell N='Height' V='-3.785433070866159' U='MM' F='GUARD(EndY-BeginY)'/><Cell N='LocPinX' V='-2.303149606299217' U='MM' F='Inh'/><Cell N='LocPinY' V='-1.89271653543308' U='MM' F='Inh'/><Cell N='BeginX' V='28.79133858267717' U='MM' F='PAR(PNT(Sheet.65!Connections.X1,Sheet.65!Connections.Y1))'/><Cell N='BeginY' V='7.427165354330708' U='MM' F='PAR(PNT(Sheet.65!Connections.X1,Sheet.65!Connections.Y1))'/><Cell N='EndX' V='24.18503937007874'/><Cell N='EndY' V='3.641732283464549'/><Cell N='LayerMember' V='0'/><Cell N='BegTrigger' V='2' F='_XFTRIGGER(Sheet.65!EventXFMod)'/><Cell N='EndTrigger' V='1' F='_XFTRIGGER(EventXFMod)'/><Cell N='LineWeight' V='0.01388888888888889' U='PT' F='Inh'/><Cell N='LineColor' V='#5b9bd5' F='Inh'/><Cell N='FillForegnd' V='#5b9bd5' F='Inh'/><Cell N='FillBkgnd' V='#5b9bd5' F='Inh'/><Cell N='ShdwForegnd' V='#4987bf' F='Inh'/><Cell N='TxtPinX' V='-4.195866141732296' F='Inh'/><Cell N='TxtPinY' V='0' F='Inh'/><Section N='Control'><Row N='TextPosition'><Cell N='X' V='-4.195866141732292'/><Cell N='Y' V='0'/><Cell N='XDyn' V='-4.195866141732296' F='Inh'/><Cell N='YDyn' V='0' F='Inh'/></Row></Section><Section N='Character'><Row IX='0'><Cell N='Color' V='#4f88bb' F='Inh'/></Row></Section><Section N='Geometry' IX='0'><Row T='LineTo' IX='2'><Cell N='X' V='-4.606299212598426'/><Cell N='Y' V='0'/></Row><Row T='LineTo' IX='3'><Cell N='X' V='-4.606299212598426'/><Cell N='Y' V='-3.78543307086616'/></Row></Section></Shape><Shape ID='146' Type='Shape' Master='8'><Cell N='PinX' V='32.51181102362205' U='MM' F='Inh'/><Cell N='PinY' V='5.53444881889761' U='MM' F='Inh'/><Cell N='Width' V='4.606299212598422' U='MM' F='GUARD(EndX-BeginX)'/><Cell N='Height' V='-3.785433070866196' U='MM' F='GUARD(EndY-BeginY)'/><Cell N='LocPinX' V='2.303149606299209' U='MM' F='Inh'/><Cell N='LocPinY' V='-1.892716535433098' U='MM' F='Inh'/><Cell N='BeginX' V='30.20866141732284' U='MM' F='PAR(PNT(Sheet.65!Connections.X2,Sheet.65!Connections.Y2))'/><Cell N='BeginY' V='7.427165354330708' U='MM' F='PAR(PNT(Sheet.65!Connections.X2,Sheet.65!Connections.Y2))'/><Cell N='EndX' V='34.81496062992126'/><Cell N='EndY' V='3.641732283464512'/><Cell N='LayerMember' V='0'/><Cell N='BegTrigger' V='2' F='_XFTRIGGER(Sheet.65!EventXFMod)'/><Cell N='EndTrigger' V='1' F='_XFTRIGGER(EventXFMod)'/><Cell N='LineWeight' V='0.01388888888888889' U='PT' F='Inh'/><Cell N='LineColor' V='#5b9bd5' F='Inh'/><Cell N='FillForegnd' V='#5b9bd5' F='Inh'/><Cell N='FillBkgnd' V='#5b9bd5' F='Inh'/><Cell N='ShdwForegnd' V='#4987bf' F='Inh'/><Cell N='TxtPinX' V='4.195866141732308' F='Inh'/><Cell N='TxtPinY' V='0' F='Inh'/><Section N='Control'><Row N='TextPosition'><Cell N='X' V='4.195866141732309'/><Cell N='Y' V='8.881784197001252E-16'/><Cell N='XDyn' V='4.195866141732308' F='Inh'/><Cell N='YDyn' V='0' F='Inh'/></Row></Section><Section N='Character'><Row IX='0'><Cell N='Color' V='#4f88bb' F='Inh'/></Row></Section><Section N='Geometry' IX='0'><Row T='LineTo' IX='2'><Cell N='X' V='4.606299212598419'/><Cell N='Y' V='0'/></Row><Row T='LineTo' IX='3'><Cell N='X' V='4.606299212598419'/><Cell N='Y' V='-3.785433070866198'/></Row></Section></Shape><Shape ID='148' Type='Shape' Master='8'><Cell N='PinX' V='35.69066366704162' U='MM' F='Inh'/><Cell N='PinY' V='5.53444881889761' U='MM' F='Inh'/><Cell N='Width' V='-1.357705286839142' U='MM' F='GUARD(EndX-BeginX)'/><Cell N='Height' V='-3.785433070866197' U='MM' F='GUARD(EndY-BeginY)'/><Cell N='LocPinX' V='-0.6788526434195745' U='MM' F='Inh'/><Cell N='LocPinY' V='-1.892716535433099' U='MM' F='Inh'/><Cell N='BeginX' V='36.36951631046119' U='MM' F='PAR(PNT(Sheet.73!Connections.X1,Sheet.73!Connections.Y1))'/><Cell N='BeginY' V='7.427165354330708' U='MM' F='PAR(PNT(Sheet.73!Connections.X1,Sheet.73!Connections.Y1))'/><Cell N='EndX' V='35.01181102362205'/><Cell N='EndY' V='3.641732283464511'/><Cell N='LayerMember' V='0'/><Cell N='BegTrigger' V='2' F='_XFTRIGGER(Sheet.73!EventXFMod)'/><Cell N='EndTrigger' V='1' F='_XFTRIGGER(EventXFMod)'/><Cell N='LineWeight' V='0.01388888888888889' U='PT' F='Inh'/><Cell N='LineColor' V='#5b9bd5' F='Inh'/><Cell N='FillForegnd' V='#5b9bd5' F='Inh'/><Cell N='FillBkgnd' V='#5b9bd5' F='Inh'/><Cell N='ShdwForegnd' V='#4987bf' F='Inh'/><Cell N='TxtPinX' V='-1.357705286839149' F='Inh'/><Cell N='TxtPinY' V='-1.213863892013525' F='Inh'/><Section N='Control'><Row N='TextPosition'><Cell N='X' V='-1.357705286839142'/><Cell N='Y' V='-1.213863892013529'/><Cell N='XDyn' V='-1.357705286839149' F='Inh'/><Cell N='YDyn' V='-1.213863892013525' F='Inh'/></Row></Section><Section N='Character'><Row IX='0'><Cell N='Color' V='#4f88bb' F='Inh'/></Row></Section><Section N='Geometry' IX='0'><Row T='LineTo' IX='2'><Cell N='X' V='-1.357705286839142'/><Cell N='Y' V='0'/></Row><Row T='LineTo' IX='3'><Cell N='X' V='-1.357705286839142'/><Cell N='Y' V='-3.785433070866197'/></Row></Section></Shape><Shape ID='149' Type='Shape' Master='8'><Cell N='PinX' V='38.46625421822272' U='MM' F='Inh'/><Cell N='PinY' V='5.534448818897602' U='MM' F='Inh'/><Cell N='Width' V='1.358830146231718' U='MM' F='GUARD(EndX-BeginX)'/><Cell N='Height' V='-3.785433070866211' U='MM' F='GUARD(EndY-BeginY)'/><Cell N='LocPinX' V='0.6794150731158588' U='MM' F='Inh'/><Cell N='LocPinY' V='-1.892716535433106' U='MM' F='Inh'/><Cell N='BeginX' V='37.78683914510686' U='MM' F='PAR(PNT(Sheet.73!Connections.X2,Sheet.73!Connections.Y2))'/><Cell N='BeginY' V='7.427165354330708' U='MM' F='PAR(PNT(Sheet.73!Connections.X2,Sheet.73!Connections.Y2))'/><Cell N='EndX' V='39.14566929133858'/><Cell N='EndY' V='3.641732283464497'/><Cell N='LayerMember' V='0'/><Cell N='BegTrigger' V='2' F='_XFTRIGGER(Sheet.73!EventXFMod)'/><Cell N='EndTrigger' V='1' F='_XFTRIGGER(EventXFMod)'/><Cell N='LineWeight' V='0.01388888888888889' U='PT' F='Inh'/><Cell N='LineColor' V='#5b9bd5' F='Inh'/><Cell N='FillForegnd' V='#5b9bd5' F='Inh'/><Cell N='FillBkgnd' V='#5b9bd5' F='Inh'/><Cell N='ShdwForegnd' V='#4987bf' F='Inh'/><Cell N='TxtPinX' V='1.358830146231718' F='Inh'/><Cell N='TxtPinY' V='-1.213301462317247' F='Inh'/><Section N='Control'><Row N='TextPosition'><Cell N='X' V='1.358830146231725'/><Cell N='Y' V='-1.213301462317244'/><Cell N='XDyn' V='1.358830146231718' F='Inh'/><Cell N='YDyn' V='-1.213301462317247' F='Inh'/></Row></Section><Section N='Character'><Row IX='0'><Cell N='Color' V='#4f88bb' F='Inh'/></Row></Section><Section N='Geometry' IX='0'><Row T='LineTo' IX='2'><Cell N='X' V='1.358830146231725'/><Cell N='Y' V='0'/></Row><Row T='LineTo' IX='3'><Cell N='X' V='1.358830146231725'/><Cell N='Y' V='-3.785433070866212'/></Row></Section></Shape></Shapes><Connects><Connect FromSheet='149' FromCell='BeginX' FromPart='9' ToSheet='73' ToCell='Connections.X2' ToPart='101'/><Connect FromSheet='148' FromCell='BeginX' FromPart='9' ToSheet='73' ToCell='Connections.X1' ToPart='100'/><Connect FromSheet='146' FromCell='BeginX' FromPart='9' ToSheet='65' ToCell='Connections.X2' ToPart='101'/><Connect FromSheet='133' FromCell='BeginX' FromPart='9' ToSheet='9' ToCell='Connections.X1' ToPart='100'/><Connect FromSheet='134' FromCell='BeginX' FromPart='9' ToSheet='9' ToCell='Connections.X2' ToPart='101'/><Connect FromSheet='135' FromCell='BeginX' FromPart='9' ToSheet='10' ToCell='Connections.X1' ToPart='100'/><Connect FromSheet='136' FromCell='BeginX' FromPart='9' ToSheet='10' ToCell='Connections.X2' ToPart='101'/><Connect FromSheet='137' FromCell='BeginX' FromPart='9' ToSheet='20' ToCell='Connections.X1' ToPart='100'/><Connect FromSheet='138' FromCell='BeginX' FromPart='9' ToSheet='20' ToCell='Connections.X2' ToPart='101'/><Connect FromSheet='139' FromCell='BeginX' FromPart='9' ToSheet='45' ToCell='Connections.X1' ToPart='100'/><Connect FromSheet='140' FromCell='BeginX' FromPart='9' ToSheet='45' ToCell='Connections.X2' ToPart='101'/><Connect FromSheet='145' FromCell='BeginX' FromPart='9' ToSheet='65' ToCell='Connections.X1' ToPart='100'/></Connects></PageContents>