<?xml version='1.0' encoding='utf-8' ?>
<Pages xmlns='http://schemas.microsoft.com/office/visio/2012/main' xmlns:r='http://schemas.openxmlformats.org/officeDocument/2006/relationships' xml:space='preserve'><Page ID='0' NameU='PERT' IsCustomNameU='1' Name='PERT' IsCustomName='1' ViewScale='0.75' ViewCenterX='7.1780089988751' ViewCenterY='4.1549493813273'><PageSheet LineStyle='0' FillStyle='0' TextStyle='0'><Cell N='PageWidth' V='45.27165354330709' U='MM'/><Cell N='PageHeight' V='8.26771653543307' U='MM'/><Cell N='ShdwOffsetX' V='0.05905511811023622' U='MM'/><Cell N='ShdwOffsetY' V='-0.05905511811023622' U='MM'/><Cell N='PageScale' V='0.03937007874015748' U='MM'/><Cell N='DrawingScale' V='0.03937007874015748' U='MM'/><Cell N='DrawingSizeType' V='0'/><Cell N='DrawingScaleType' V='0'/><Trigger N='RecalcColor'><RefBy T='Page' ID='0'/></Trigger><Cell N='InhibitSnap' V='0'/><Cell N='PageLockReplace' V='0' U='BOOL'/><Cell N='PageLockDuplicate' V='0' U='BOOL'/><Cell N='UIVisibility' V='0'/><Cell N='ShdwType' V='0'/><Cell N='ShdwObliqueAngle' V='0'/><Cell N='ShdwScaleFactor' V='1'/><Cell N='DrawingResizeType' V='1'/><Cell N='PlaceStyle' V='1'/><Cell N='RouteStyle' V='1'/><Cell N='PlaceDepth' V='1'/><Cell N='LineToNodeX' V='0.1968503937007874' U='MM'/><Cell N='LineToNodeY' V='0.1968503937007874' U='MM'/><Cell N='BlockSizeX' V='0.984251968503937' U='MM'/><Cell N='BlockSizeY' V='0.984251968503937' U='MM'/><Cell N='AvenueSizeX' V='0.5905511811023622' U='MM'/><Cell N='AvenueSizeY' V='0.5905511811023622' U='MM'/><Cell N='LineToLineX' V='0.1968503937007874' U='MM'/><Cell N='LineToLineY' V='0.1968503937007874' U='MM'/><Cell N='PageShapeSplit' V='1'/><Cell N='ColorSchemeIndex' V='33'/><Cell N='EffectSchemeIndex' V='33'/><Cell N='ConnectorSchemeIndex' V='33'/><Cell N='FontSchemeIndex' V='33'/><Cell N='ThemeIndex' V='33'/><Cell N='PrintPageOrientation' V='2'/><Cell N='XRulerOrigin' V='11.19291338582677'/><Cell N='XGridOrigin' V='11.19291338582677'/><Section N='User'><Row N='msvThemeOrder'><Cell N='Value' V='0'/><Cell N='Prompt' V='' F='No Formula'/></Row></Section><Section N='Layer'><Row IX='0'><Cell N='Name' V='Connector'/><Cell N='Color' V='255'/><Cell N='Status' V='0'/><Cell N='Visible' V='1'/><Cell N='Print' V='1'/><Cell N='Active' V='0'/><Cell N='Lock' V='0'/><Cell N='Snap' V='1'/><Cell N='Glue' V='1'/><Cell N='NameUniv' V='Connector'/><Cell N='ColorTrans' V='0'/></Row></Section></PageSheet><Rel r:id='rId1'/></Page></Pages>