<?xml version='1.0' encoding='utf-8' ?>
<MasterContents xmlns='http://schemas.microsoft.com/office/visio/2012/main' xmlns:r='http://schemas.openxmlformats.org/officeDocument/2006/relationships' xml:space='preserve'><Shapes><Shape ID='5' Type='Shape' LineStyle='3' FillStyle='3' TextStyle='3'><Cell N='PinX' V='1.968503937007851' U='MM'/><Cell N='PinY' V='1.968503937007874' U='MM'/><Cell N='Width' V='1.574803149606299' U='MM'/><Cell N='Height' V='1.574803149606299' U='MM'/><Cell N='LocPinX' V='0.7874015748031495' U='MM' F='Width*0.5'/><Cell N='LocPinY' V='0.7874015748031495' U='MM' F='Height*0.5'/><Cell N='Angle' V='0' U='DEG'/><Cell N='FlipX' V='0'/><Cell N='FlipY' V='0'/><Cell N='ResizeMode' V='0'/><Cell N='LockCalcWH' V='1'/><Cell N='EventDblClick' V='0' F='OPENTEXTWIN()'/><Cell N='HelpTopic' V='Vis_Sba.chm!#45741'/><Cell N='Copyright' V='Copyright (c) 2012 Microsoft Corporation.  All rights reserved.'/><Cell N='ShapeSplit' V='1'/><Cell N='LineWeight' V='0.003333333333333333' U='PT' F='THEMEVAL("LineWeight",0.24PT)'/><Cell N='QuickStyleType' V='2'/><Section N='Connection'><Row IX='0'><Cell N='X' V='0.7874015748031495' U='MM' F='Width*0.5'/><Cell N='Y' V='0.7874015748031495' U='MM' F='Height*0.5'/><Cell N='DirX' V='0'/><Cell N='DirY' V='1'/><Cell N='Type' V='0' F='No Formula'/><Cell N='AutoGen' V='0' F='No Formula'/><Cell N='Prompt' V='' F='No Formula'/></Row><Row IX='1'><Cell N='X' V='1.696614593175906' U='MM' F='Width*1.0773502666667'/><Cell N='Y' V='0.7874015748031495' U='MM' F='Height*0.5'/><Cell N='DirX' V='-0.9999451693697893'/><Cell N='DirY' V='0.01047178370782771'/><Cell N='Type' V='0' F='No Formula'/><Cell N='AutoGen' V='0' F='No Formula'/><Cell N='Prompt' V='' F='No Formula'/></Row><Row IX='2'><Cell N='X' V='1.242008083989496' U='MM' F='Width*0.78867513333333'/><Cell N='Y' V='0' U='MM' F='Height*0'/><Cell N='DirX' V='-0.4984877399904729'/><Cell N='DirY' V='0.8668967487995273'/><Cell N='Type' V='0' F='No Formula'/><Cell N='AutoGen' V='0' F='No Formula'/><Cell N='Prompt' V='' F='No Formula'/></Row><Row IX='3'><Cell N='X' V='0.3327950656168031' U='MM' F='Width*0.21132486666667'/><Cell N='Y' V='0' U='MM' F='Height*0'/><Cell N='DirX' V='0.4999999998816991'/><Cell N='DirY' V='0.8660254038527397'/><Cell N='Type' V='0' F='No Formula'/><Cell N='AutoGen' V='0' F='No Formula'/><Cell N='Prompt' V='' F='No Formula'/></Row><Row IX='4'><Cell N='X' V='-0.121811443569559' U='MM' F='Width*-0.07735026666667'/><Cell N='Y' V='0.7874015748031495' U='MM' F='Height*0.5'/><Cell N='DirX' V='1'/><Cell N='DirY' V='0'/><Cell N='Type' V='0' F='No Formula'/><Cell N='AutoGen' V='0' F='No Formula'/><Cell N='Prompt' V='' F='No Formula'/></Row><Row IX='5'><Cell N='X' V='0.3327950656168031' U='MM' F='Width*0.21132486666667'/><Cell N='Y' V='1.574803149606299' U='MM' F='Height*1'/><Cell N='DirX' V='0.4999999998816991'/><Cell N='DirY' V='-0.8660254038527397'/><Cell N='Type' V='0' F='No Formula'/><Cell N='AutoGen' V='0' F='No Formula'/><Cell N='Prompt' V='' F='No Formula'/></Row><Row IX='6'><Cell N='X' V='1.242008083989496' U='MM' F='Width*0.78867513333333'/><Cell N='Y' V='1.574803149606299' U='MM' F='Height*1'/><Cell N='DirX' V='-0.5015107373960175'/><Cell N='DirY' V='-0.8651514204325753'/><Cell N='Type' V='0' F='No Formula'/><Cell N='AutoGen' V='0' F='No Formula'/><Cell N='Prompt' V='' F='No Formula'/></Row></Section><Section N='User'><Row N='visVersion'><Cell N='Value' V='15'/><Cell N='Prompt' V='' F='No Formula'/></Row></Section><Section N='Character'><Row IX='0'><Cell N='Size' V='0.1388888888888889' U='PT'/></Row></Section><Section N='Geometry' IX='0'><Cell N='NoFill' V='0'/><Cell N='NoLine' V='0' F='No Formula'/><Cell N='NoShow' V='0' F='No Formula'/><Cell N='NoSnap' V='0' F='No Formula'/><Cell N='NoQuickDrag' V='0' F='No Formula'/><Row T='MoveTo' IX='1'><Cell N='X' V='1.242008083989496' U='MM' F='Width*0.78867513333333'/><Cell N='Y' V='1.574803149606299' U='MM' F='Height*1'/></Row><Row T='LineTo' IX='2'><Cell N='X' V='0.3327950656168031' U='MM' F='Width*0.21132486666667'/><Cell N='Y' V='1.574803149606299' U='MM' F='Height*1'/></Row><Row T='LineTo' IX='3'><Cell N='X' V='-0.121811443569559' U='MM' F='Width*-0.07735026666667'/><Cell N='Y' V='0.7874015748031495' U='MM' F='Height*0.5'/></Row><Row T='LineTo' IX='4'><Cell N='X' V='0.3327950656168031' U='MM' F='Width*0.21132486666667'/><Cell N='Y' V='0' U='MM' F='Height*0'/></Row><Row T='LineTo' IX='5'><Cell N='X' V='1.242008083989496' U='MM' F='Width*0.78867513333333'/><Cell N='Y' V='0' U='MM' F='Height*0'/></Row><Row T='LineTo' IX='6'><Cell N='X' V='1.696614593175906' U='MM' F='Width*1.0773502666667'/><Cell N='Y' V='0.7874015748031495' U='MM' F='Height*0.5'/></Row><Row T='LineTo' IX='7'><Cell N='X' V='1.242008083989496' U='MM' F='Geometry1.X1'/><Cell N='Y' V='1.574803149606299' U='MM' F='Geometry1.Y1'/></Row></Section></Shape></Shapes></MasterContents>