<?xml version='1.0' encoding='utf-8' ?>
<MasterContents xmlns='http://schemas.microsoft.com/office/visio/2012/main' xmlns:r='http://schemas.openxmlformats.org/officeDocument/2006/relationships' xml:space='preserve'><Shapes><Shape ID='5' Type='Shape' LineStyle='3' FillStyle='3' TextStyle='3'><Cell N='PinX' V='1.968503937007874' U='MM'/><Cell N='PinY' V='1.968503937007874' U='MM'/><Cell N='Width' V='1.574803149606299' U='MM'/><Cell N='Height' V='1.181102362204724' U='MM'/><Cell N='LocPinX' V='0.7874015748031495' U='MM' F='Width*0.5'/><Cell N='LocPinY' V='0.5905511811023622' U='MM' F='Height*0.5'/><Cell N='Angle' V='0'/><Cell N='FlipX' V='0'/><Cell N='FlipY' V='0'/><Cell N='ResizeMode' V='0'/><Cell N='LineWeight' V='0.003333333333333333' U='PT' F='THEMEVAL("LineWeight",0.24PT)'/><Cell N='QuickStyleType' V='2'/><Cell N='EventDblClick' V='0' F='OPENTEXTWIN()'/><Cell N='ShapeSplit' V='1'/><Cell N='HelpTopic' V='Vis_PRXY.chm!#60325'/><Cell N='Copyright' V='Copyright (c) 2012 Microsoft Corporation.  All rights reserved.'/><Section N='Control'><Row N='Row_1'><Cell N='X' V='0.1574803149606299' U='MM' F='BOUND(Width*0.1,0,FALSE,0,Width)'/><Cell N='Y' V='1.181102362204724' U='MM' F='Height*1'/><Cell N='XDyn' V='0' U='MM' F='Width*0'/><Cell N='YDyn' V='0' U='MM' F='Height*0'/><Cell N='XCon' V='0'/><Cell N='YCon' V='1'/><Cell N='CanGlue' V='0'/><Cell N='Prompt' V='Side Offset'/></Row></Section><Section N='Connection'><Row IX='0'><Cell N='X' V='0.07874015748031496' U='MM' F='Controls.Row_1*0.5'/><Cell N='Y' V='0.5905511811023622' U='MM' F='Height*0.5'/><Cell N='DirX' V='0'/><Cell N='DirY' V='0'/><Cell N='Type' V='0'/><Cell N='AutoGen' V='0'/><Cell N='Prompt' V='' F='No Formula'/></Row><Row IX='1'><Cell N='X' V='1.496062992125984' U='MM' F='Width-Connections.X1'/><Cell N='Y' V='0.5905511811023622' U='MM' F='Height*0.5'/><Cell N='DirX' V='0'/><Cell N='DirY' V='0'/><Cell N='Type' V='0'/><Cell N='AutoGen' V='0'/><Cell N='Prompt' V='' F='No Formula'/></Row><Row IX='2'><Cell N='X' V='0.7086614173228346' U='MM' F='(Width-Controls.Row_1)*0.5'/><Cell N='Y' V='0' U='MM' F='Height*0'/><Cell N='DirX' V='0'/><Cell N='DirY' V='0'/><Cell N='Type' V='0'/><Cell N='AutoGen' V='0'/><Cell N='Prompt' V='' F='No Formula'/></Row><Row IX='3'><Cell N='X' V='0.8661417322834645' U='MM' F='Width-Connections.X3'/><Cell N='Y' V='1.181102362204724' U='MM' F='Height*1'/><Cell N='DirX' V='0'/><Cell N='DirY' V='0'/><Cell N='Type' V='0'/><Cell N='AutoGen' V='0'/><Cell N='Prompt' V='' F='No Formula'/></Row></Section><Section N='Character'><Row IX='0'><Cell N='Size' V='0.1388888888888889' U='PT'/></Row></Section><Section N='User'><Row N='visVersion'><Cell N='Value' V='15'/><Cell N='Prompt' V=''/></Row></Section><Section N='Geometry' IX='0'><Cell N='NoFill' V='0'/><Cell N='NoLine' V='0'/><Cell N='NoShow' V='0'/><Cell N='NoSnap' V='0'/><Cell N='NoQuickDrag' V='0'/><Row T='MoveTo' IX='1'><Cell N='X' V='0' U='MM' F='Width*0'/><Cell N='Y' V='0' U='MM' F='Height*0'/></Row><Row T='LineTo' IX='2'><Cell N='X' V='1.417322834645669' U='MM' F='Width-Geometry1.X4'/><Cell N='Y' V='0' U='MM' F='Height*0'/></Row><Row T='LineTo' IX='3'><Cell N='X' V='1.574803149606299' U='MM' F='Width*1'/><Cell N='Y' V='1.181102362204724' U='MM' F='Height*1'/></Row><Row T='LineTo' IX='4'><Cell N='X' V='0.1574803149606299' U='MM' F='Controls.Row_1'/><Cell N='Y' V='1.181102362204724' U='MM' F='Height*1'/></Row><Row T='LineTo' IX='5'><Cell N='X' V='0' U='MM' F='Geometry1.X1'/><Cell N='Y' V='0' U='MM' F='Geometry1.Y1'/></Row></Section></Shape></Shapes></MasterContents>