<?xml version='1.0' encoding='utf-8' ?>
<Windows ClientWidth='1920' ClientHeight='866' xmlns='http://schemas.microsoft.com/office/visio/2012/main' xmlns:r='http://schemas.openxmlformats.org/officeDocument/2006/relationships' xml:space='preserve'><Window ID='0' WindowType='Drawing' WindowState='1073741824' WindowLeft='-8' WindowTop='-31' WindowWidth='1932' WindowHeight='905' ContainerType='Page' Page='0' ViewScale='0.75' ViewCenterX='7.1780089988751' ViewCenterY='4.1549493813273'><ShowRulers>1</ShowRulers><ShowGrid>0</ShowGrid><ShowPageBreaks>1</ShowPageBreaks><ShowGuides>1</ShowGuides><ShowConnectionPoints>1</ShowConnectionPoints><GlueSettings>9</GlueSettings><SnapSettings>295</SnapSettings><SnapExtensions>34</SnapExtensions><SnapAngles/><DynamicGridEnabled>1</DynamicGridEnabled><TabSplitterPos>0.5</TabSplitterPos></Window><Window ID='1' WindowType='Stencil' WindowState='1025' WindowLeft='0' WindowTop='-10' WindowWidth='247' WindowHeight='859' Document='C:\Program Files (x86)\Microsoft Office\Office16\visio content\1033\ARROWS_M.VSSX' ParentWindow='0'><StencilGroup>10</StencilGroup><StencilGroupPos>1</StencilGroupPos></Window><Window ID='2' WindowType='Stencil' WindowState='1025' WindowLeft='0' WindowTop='-10' WindowWidth='247' WindowHeight='859' Document='C:\Program Files (x86)\Microsoft Office\Office16\visio content\1033\AUDIT_M.VSSX' ParentWindow='0'><StencilGroup>10</StencilGroup><StencilGroupPos>2</StencilGroupPos></Window><Window ID='3' WindowType='Stencil' WindowState='1025' WindowLeft='0' WindowTop='-10' WindowWidth='247' WindowHeight='859' Document='C:\Program Files (x86)\Microsoft Office\Office16\visio content\1033\COMPLN_M.VSSX' ParentWindow='0'><StencilGroup>10</StencilGroup><StencilGroupPos>3</StencilGroupPos></Window><Window ID='4' WindowType='Stencil' WindowState='67109889' WindowLeft='0' WindowTop='-10' WindowWidth='247' WindowHeight='859' Document='C:\Program Files (x86)\Microsoft Office\Office16\visio content\1033\BASIC_M.VSSX' ParentWindow='0'><StencilGroup>10</StencilGroup><StencilGroupPos>4</StencilGroupPos></Window></Windows>